fips_code,state,county,population,metro_status,poverty_pct,bachelors_pct,median_income,2023_violent_crime,2024_violent_crime,2023_property_crime,2024_property_crime,2023_unemployment_rate,2024_unemployment_rate,_merge
01013,,,,,,,,,,,,3.0,3.7,right_only
01037,,,,,,,,,,,,2.4,3.2,right_only
01053,,,,,,,,,,,,3.4,4.0,right_only
01061,,,,,,,,,,,,2.3,2.8,right_only
01065,,,,,,,,,,,,3.5,4.3,right_only
01071,,,,,,,,,,,,2.8,3.4,right_only
01083,,,,,,,,,,,,2.0,2.4,right_only
01085,,,,,,,,,,,,4.1,4.6,right_only
01091,,,,,,,,,,,,3.3,3.8,right_only
01103,,,,,,,,,,,,2.1,2.5,right_only
01105,,,,,,,,,,,,5.6,6.5,right_only
01113,,,,,,,,,,,,2.7,3.5,right_only
01117,,,,,,,,,,,,1.8,2.3,right_only
01119,,,,,,,,,,,,3.6,4.6,right_only
01131,,,,,,,,,,,,5.7,6.1,right_only
02013,,,,,,,,,,,,2.3,3.6,right_only
02016,,,,,,,,,,,,3.0,3.4,right_only
02020,,,,,,,,,,,,3.5,3.8,right_only
02050,,,,,,,,,,,,9.8,10.6,right_only
02060,,,,,,,,,,,,3.4,3.9,right_only
02063,,,,,,,,,,,,4.4,5.2,right_only
02066,,,,,,,,,,,,7.2,7.3,right_only
02068,,,,,,,,,,,,4.7,4.6,right_only
02070,,,,,,,,,,,,6.3,7.6,right_only
02090,,,,,,,,,,,,3.8,4.0,right_only
02100,,,,,,,,,,,,7.8,8.0,right_only
02105,,,,,,,,,,,,5.5,5.5,right_only
02110,,,,,,,,,,,,3.1,3.3,right_only
02122,,,,,,,,,,,,5.0,5.2,right_only
02130,,,,,,,,,,,,3.5,3.8,right_only
02150,,,,,,,,,,,,4.3,4.7,right_only
02158,,,,,,,,,,,,14.8,15.8,right_only
02164,,,,,,,,,,,,5.1,5.8,right_only
02170,,,,,,,,,,,,4.8,4.9,right_only
02180,,,,,,,,,,,,7.7,8.5,right_only
02185,,,,,,,,,,,,3.2,3.3,right_only
02188,,,,,,,,,,,,9.1,9.2,right_only
02195,,,,,,,,,,,,4.8,5.3,right_only
02198,,,,,,,,,,,,7.4,7.9,right_only
02220,,,,,,,,,,,,3.0,3.1,right_only
02230,,,,,,,,,,,,5.3,5.7,right_only
02240,,,,,,,,,,,,5.6,5.9,right_only
02275,,,,,,,,,,,,5.0,5.3,right_only
02282,,,,,,,,,,,,5.3,5.8,right_only
02290,,,,,,,,,,,,8.5,8.6,right_only
04003,,,,,,,,,,,,4.5,4.4,right_only
04005,,,,,,,,,,,,4.1,3.9,right_only
04011,,,,,,,,,,,,2.5,2.5,right_only
04012,,,,,,,,,,,,6.2,5.9,right_only
04013,,,,,,,,,,,,3.2,3.2,right_only
04023,,,,,,,,,,,,6.7,6.3,right_only
05011,,,,,,,,,,,,4.7,4.8,right_only
05037,,,,,,,,,,,,3.1,3.7,right_only
05039,,,,,,,,,,,,3.6,3.8,right_only
05045,,,,,,,,,,,,2.8,3.0,right_only
05059,,,,,,,,,,,,3.5,3.9,right_only
05077,,,,,,,,,,,,5.2,5.3,right_only
05095,,,,,,,,,,,,3.4,4.3,right_only
05099,,,,,,,,,,,,4.6,5.2,right_only
05103,,,,,,,,,,,,3.8,4.3,right_only
05107,,,,,,,,,,,,6.4,5.9,right_only
05123,,,,,,,,,,,,4.5,5.3,right_only
05135,,,,,,,,,,,,3.6,3.9,right_only
06045,,,,,,,,,,,,4.9,5.6,right_only
06063,,,,,,,,,,,,7.0,7.1,right_only
06071,,,,,,,,,,,,4.6,5.1,right_only
06075,,,,,,,,,,,,3.4,3.9,right_only
06089,,,,,,,,,,,,4.8,5.3,right_only
06095,,,,,,,,,,,,4.4,4.9,right_only
08009,,,,,,,,,,,,2.5,3.3,right_only
08014,,,,,,,,,,,,3.1,3.9,right_only
08017,,,,,,,,,,,,2.3,2.7,right_only
08019,,,,,,,,,,,,3.1,3.9,right_only
08021,,,,,,,,,,,,3.7,4.3,right_only
08023,,,,,,,,,,,,6.0,7.0,right_only
08027,,,,,,,,,,,,3.5,4.1,right_only
08031,,,,,,,,,,,,3.4,4.3,right_only
08039,,,,,,,,,,,,2.8,3.6,right_only
08043,,,,,,,,,,,,4.8,5.7,right_only
08049,,,,,,,,,,,,2.9,3.4,right_only
08051,,,,,,,,,,,,2.9,3.3,right_only
08053,,,,,,,,,,,,3.2,3.5,right_only
08055,,,,,,,,,,,,6.2,7.0,right_only
08057,,,,,,,,,,,,2.8,3.6,right_only
08065,,,,,,,,,,,,2.8,3.4,right_only
08073,,,,,,,,,,,,3.8,4.5,right_only
08079,,,,,,,,,,,,3.2,4.4,right_only
08081,,,,,,,,,,,,3.7,4.2,right_only
08093,,,,,,,,,,,,3.5,4.1,right_only
08101,,,,,,,,,,,,4.7,5.7,right_only
08111,,,,,,,,,,,,3.6,3.7,right_only
08115,,,,,,,,,,,,3.4,4.0,right_only
08119,,,,,,,,,,,,3.3,4.1,right_only
08123,,,,,,,,,,,,3.4,4.4,right_only
09110,,,,,,,,,,,,3.2,3.4,right_only
09120,,,,,,,,,,,,3.6,3.8,right_only
09130,,,,,,,,,,,,2.8,2.9,right_only
09140,,,,,,,,,,,,3.7,3.8,right_only
09150,,,,,,,,,,,,3.3,3.2,right_only
09160,,,,,,,,,,,,3.0,2.9,right_only
09170,,,,,,,,,,,,3.2,3.3,right_only
09180,,,,,,,,,,,,3.2,3.2,right_only
09190,,,,,,,,,,,,2.8,2.9,right_only
10001,,,,,,,,,,,,4.2,4.3,right_only
10003,,,,,,,,,,,,3.8,3.9,right_only
10005,,,,,,,,,,,,3.9,3.8,right_only
11001,,,,,,,,,,,,4.9,5.3,right_only
12007,,,,,,,,,,,,3.3,3.8,right_only
12009,,,,,,,,,,,,3.0,3.5,right_only
12011,,,,,,,,,,,,2.8,3.2,right_only
12013,,,,,,,,,,,,3.3,3.7,right_only
12017,,,,,,,,,,,,4.3,4.9,right_only
12027,,,,,,,,,,,,3.5,4.0,right_only
12029,,,,,,,,,,,,3.7,4.2,right_only
12031,,,,,,,,,,,,3.2,3.5,right_only
12033,,,,,,,,,,,,3.1,3.6,right_only
12037,,,,,,,,,,,,3.2,3.8,right_only
12039,,,,,,,,,,,,4.0,4.2,right_only
12041,,,,,,,,,,,,2.9,3.4,right_only
12043,,,,,,,,,,,,3.9,4.4,right_only
12045,,,,,,,,,,,,2.9,3.3,right_only
12047,,,,,,,,,,,,4.6,4.8,right_only
12055,,,,,,,,,,,,4.3,4.8,right_only
12057,,,,,,,,,,,,3.0,3.4,right_only
12059,,,,,,,,,,,,2.9,3.5,right_only
12061,,,,,,,,,,,,3.6,4.0,right_only
12063,,,,,,,,,,,,3.4,3.9,right_only
12067,,,,,,,,,,,,3.8,4.4,right_only
12069,,,,,,,,,,,,3.1,3.5,right_only
12075,,,,,,,,,,,,3.4,4.0,right_only
12077,,,,,,,,,,,,3.2,3.9,right_only
12081,,,,,,,,,,,,3.1,3.5,right_only
12091,,,,,,,,,,,,2.7,3.1,right_only
12095,,,,,,,,,,,,2.9,3.3,right_only
12097,,,,,,,,,,,,3.1,3.5,right_only
12101,,,,,,,,,,,,3.2,3.7,right_only
12109,,,,,,,,,,,,2.8,3.2,right_only
12111,,,,,,,,,,,,3.5,3.9,right_only
12119,,,,,,,,,,,,5.1,5.8,right_only
12121,,,,,,,,,,,,3.4,3.9,right_only
12125,,,,,,,,,,,,3.7,4.4,right_only
12127,,,,,,,,,,,,3.4,3.8,right_only
12133,,,,,,,,,,,,3.5,4.0,right_only
13001,,,,,,,,,,,,3.9,3.9,right_only
13005,,,,,,,,,,,,3.1,3.6,right_only
13007,,,,,,,,,,,,4.4,4.5,right_only
13011,,,,,,,,,,,,2.6,2.9,right_only
13021,,,,,,,,,,,,4.1,4.4,right_only
13025,,,,,,,,,,,,3.1,3.1,right_only
13037,,,,,,,,,,,,3.2,3.1,right_only
13039,,,,,,,,,,,,3.0,3.2,right_only
13049,,,,,,,,,,,,3.4,3.4,right_only
13051,,,,,,,,,,,,2.9,3.0,right_only
13053,,,,,,,,,,,,7.0,7.2,right_only
13063,,,,,,,,,,,,4.1,4.3,right_only
13067,,,,,,,,,,,,3.0,3.2,right_only
13071,,,,,,,,,,,,3.0,3.1,right_only
13083,,,,,,,,,,,,2.9,3.2,right_only
13091,,,,,,,,,,,,3.4,3.5,right_only
13093,,,,,,,,,,,,3.5,4.0,right_only
13101,,,,,,,,,,,,2.7,3.2,right_only
13105,,,,,,,,,,,,3.4,3.8,right_only
13107,,,,,,,,,,,,3.8,4.3,right_only
13109,,,,,,,,,,,,3.0,3.0,right_only
13119,,,,,,,,,,,,3.3,3.7,right_only
13127,,,,,,,,,,,,2.8,2.9,right_only
13131,,,,,,,,,,,,3.0,3.2,right_only
13141,,,,,,,,,,,,5.4,5.7,right_only
13153,,,,,,,,,,,,2.9,2.9,right_only
13157,,,,,,,,,,,,2.5,2.9,right_only
13159,,,,,,,,,,,,3.1,3.3,right_only
13161,,,,,,,,,,,,4.5,4.7,right_only
13163,,,,,,,,,,,,4.0,4.7,right_only
13165,,,,,,,,,,,,4.5,3.9,right_only
13167,,,,,,,,,,,,3.4,3.8,right_only
13169,,,,,,,,,,,,3.2,3.4,right_only
13171,,,,,,,,,,,,3.7,4.2,right_only
13179,,,,,,,,,,,,3.8,3.9,right_only
13181,,,,,,,,,,,,4.2,4.1,right_only
13183,,,,,,,,,,,,3.5,3.5,right_only
13193,,,,,,,,,,,,4.3,4.4,right_only
13201,,,,,,,,,,,,3.0,3.0,right_only
13209,,,,,,,,,,,,4.3,4.4,right_only
13211,,,,,,,,,,,,2.8,2.8,right_only
13215,,,,,,,,,,,,3.9,4.0,right_only
13221,,,,,,,,,,,,2.8,3.0,right_only
13235,,,,,,,,,,,,3.4,3.6,right_only
13239,,,,,,,,,,,,5.9,6.2,right_only
13243,,,,,,,,,,,,3.5,3.8,right_only
13245,,,,,,,,,,,,4.6,5.0,right_only
13249,,,,,,,,,,,,3.1,3.4,right_only
13251,,,,,,,,,,,,4.4,4.4,right_only
13253,,,,,,,,,,,,3.8,4.3,right_only
13255,,,,,,,,,,,,3.5,3.8,right_only
13257,,,,,,,,,,,,3.5,3.9,right_only
13259,,,,,,,,,,,,5.8,5.0,right_only
13265,,,,,,,,,,,,3.1,3.8,right_only
13269,,,,,,,,,,,,4.0,3.9,right_only
13271,,,,,,,,,,,,6.1,5.6,right_only
13273,,,,,,,,,,,,4.8,4.8,right_only
13279,,,,,,,,,,,,4.0,4.2,right_only
13281,,,,,,,,,,,,3.3,3.4,right_only
13283,,,,,,,,,,,,4.6,4.6,right_only
13295,,,,,,,,,,,,2.9,3.0,right_only
13301,,,,,,,,,,,,4.7,4.8,right_only
13303,,,,,,,,,,,,3.9,4.2,right_only
13305,,,,,,,,,,,,3.2,3.4,right_only
13307,,,,,,,,,,,,3.3,3.5,right_only
13309,,,,,,,,,,,,2.8,2.6,right_only
13315,,,,,,,,,,,,3.3,3.2,right_only
13319,,,,,,,,,,,,4.2,4.4,right_only
15001,,,,,,,,,,,,3.1,3.0,right_only
15003,,,,,,,,,,,,2.6,2.5,right_only
15007,,,,,,,,,,,,2.5,2.4,right_only
15009,,,,,,,,,,,,4.3,4.1,right_only
16005,,,,,,,,,,,,3.4,3.9,right_only
16023,,,,,,,,,,,,4.2,3.5,right_only
16025,,,,,,,,,,,,3.9,4.5,right_only
16029,,,,,,,,,,,,3.6,3.5,right_only
16033,,,,,,,,,,,,3.9,4.1,right_only
16035,,,,,,,,,,,,5.8,6.3,right_only
16045,,,,,,,,,,,,3.5,3.8,right_only
16059,,,,,,,,,,,,4.2,4.4,right_only
16061,,,,,,,,,,,,3.9,4.3,right_only
16067,,,,,,,,,,,,3.0,3.2,right_only
16073,,,,,,,,,,,,3.7,4.2,right_only
16077,,,,,,,,,,,,3.6,3.3,right_only
17003,,,,,,,,,,,,6.6,6.6,right_only
17009,,,,,,,,,,,,3.1,3.0,right_only
17021,,,,,,,,,,,,4.5,4.2,right_only
17025,,,,,,,,,,,,5.5,5.1,right_only
17039,,,,,,,,,,,,4.1,4.2,right_only
17041,,,,,,,,,,,,3.7,3.7,right_only
17055,,,,,,,,,,,,5.2,5.2,right_only
17057,,,,,,,,,,,,5.2,4.9,right_only
17059,,,,,,,,,,,,5.5,5.0,right_only
17069,,,,,,,,,,,,5.0,5.0,right_only
17087,,,,,,,,,,,,5.6,5.5,right_only
17089,,,,,,,,,,,,5.0,5.0,right_only
17095,,,,,,,,,,,,5.5,5.2,right_only
17097,,,,,,,,,,,,5.1,5.1,right_only
17099,,,,,,,,,,,,5.7,5.7,right_only
17103,,,,,,,,,,,,5.0,4.9,right_only
17109,,,,,,,,,,,,4.3,4.3,right_only
17115,,,,,,,,,,,,6.1,5.8,right_only
17127,,,,,,,,,,,,4.4,4.2,right_only
17129,,,,,,,,,,,,4.1,4.1,right_only
17131,,,,,,,,,,,,4.8,5.5,right_only
17141,,,,,,,,,,,,5.2,5.0,right_only
17151,,,,,,,,,,,,5.3,5.3,right_only
17159,,,,,,,,,,,,4.0,3.9,right_only
17169,,,,,,,,,,,,4.8,5.3,right_only
17175,,,,,,,,,,,,5.4,5.1,right_only
17181,,,,,,,,,,,,5.1,4.7,right_only
17185,,,,,,,,,,,,3.8,3.8,right_only
17189,,,,,,,,,,,,3.6,3.5,right_only
17199,,,,,,,,,,,,4.5,4.5,right_only
17203,,,,,,,,,,,,3.9,3.8,right_only
18001,,,,,,,,,,,,3.0,3.8,right_only
18007,,,,,,,,,,,,2.7,3.3,right_only
18009,,,,,,,,,,,,3.8,4.5,right_only
18011,,,,,,,,,,,,2.6,3.2,right_only
18013,,,,,,,,,,,,3.5,3.8,right_only
18015,,,,,,,,,,,,2.8,3.5,right_only
18017,,,,,,,,,,,,3.7,4.4,right_only
18021,,,,,,,,,,,,3.3,3.9,right_only
18025,,,,,,,,,,,,3.9,4.7,right_only
18027,,,,,,,,,,,,2.6,3.2,right_only
18029,,,,,,,,,,,,3.3,3.8,right_only
18031,,,,,,,,,,,,3.0,3.7,right_only
18037,,,,,,,,,,,,2.6,3.2,right_only
18041,,,,,,,,,,,,3.7,4.5,right_only
18043,,,,,,,,,,,,3.0,3.6,right_only
18045,,,,,,,,,,,,3.1,3.8,right_only
18049,,,,,,,,,,,,3.6,4.3,right_only
18051,,,,,,,,,,,,2.8,3.4,right_only
18055,,,,,,,,,,,,3.6,4.3,right_only
18065,,,,,,,,,,,,3.6,4.0,right_only
18069,,,,,,,,,,,,2.9,3.7,right_only
18073,,,,,,,,,,,,3.5,4.1,right_only
18075,,,,,,,,,,,,2.9,3.6,right_only
18077,,,,,,,,,,,,3.2,3.8,right_only
18087,,,,,,,,,,,,3.5,3.8,right_only
18091,,,,,,,,,,,,3.8,4.5,right_only
18097,,,,,,,,,,,,3.4,4.1,right_only
18099,,,,,,,,,,,,3.6,4.1,right_only
18101,,,,,,,,,,,,3.0,3.2,right_only
18103,,,,,,,,,,,,3.8,4.8,right_only
18109,,,,,,,,,,,,3.3,3.8,right_only
18111,,,,,,,,,,,,4.0,4.3,right_only
18115,,,,,,,,,,,,3.4,4.0,right_only
18117,,,,,,,,,,,,3.1,3.9,right_only
18119,,,,,,,,,,,,3.3,3.9,right_only
18121,,,,,,,,,,,,3.5,4.1,right_only
18125,,,,,,,,,,,,3.5,4.0,right_only
18131,,,,,,,,,,,,3.0,3.5,right_only
18133,,,,,,,,,,,,3.3,3.9,right_only
18135,,,,,,,,,,,,3.2,4.0,right_only
18137,,,,,,,,,,,,3.2,3.7,right_only
18139,,,,,,,,,,,,3.1,3.6,right_only
18143,,,,,,,,,,,,3.8,4.6,right_only
18147,,,,,,,,,,,,3.2,3.9,right_only
18149,,,,,,,,,,,,4.5,5.1,right_only
18153,,,,,,,,,,,,3.4,4.0,right_only
18155,,,,,,,,,,,,3.6,4.5,right_only
18159,,,,,,,,,,,,3.5,4.1,right_only
18161,,,,,,,,,,,,2.8,2.9,right_only
18165,,,,,,,,,,,,4.0,4.6,right_only
18169,,,,,,,,,,,,3.1,4.0,right_only
18171,,,,,,,,,,,,2.8,3.4,right_only
18177,,,,,,,,,,,,3.4,4.2,right_only
18181,,,,,,,,,,,,3.2,4.0,right_only
18183,,,,,,,,,,,,2.8,3.6,right_only
19009,,,,,,,,,,,,2.2,2.3,right_only
19025,,,,,,,,,,,,2.5,2.6,right_only
19053,,,,,,,,,,,,2.9,3.0,right_only
19059,,,,,,,,,,,,3.1,3.2,right_only
19085,,,,,,,,,,,,2.6,2.6,right_only
19089,,,,,,,,,,,,3.3,3.3,right_only
19109,,,,,,,,,,,,2.6,2.5,right_only
19127,,,,,,,,,,,,5.8,5.8,right_only
19135,,,,,,,,,,,,2.9,3.3,right_only
19137,,,,,,,,,,,,2.5,2.4,right_only
19159,,,,,,,,,,,,2.3,2.6,right_only
19179,,,,,,,,,,,,3.5,3.8,right_only
19189,,,,,,,,,,,,3.3,2.5,right_only
20019,,,,,,,,,,,,3.4,4.1,right_only
20029,,,,,,,,,,,,2.5,3.0,right_only
20033,,,,,,,,,,,,2.7,3.0,right_only
20039,,,,,,,,,,,,2.5,3.0,right_only
20043,,,,,,,,,,,,2.9,3.8,right_only
20049,,,,,,,,,,,,3.3,4.2,right_only
20065,,,,,,,,,,,,2.7,3.6,right_only
20067,,,,,,,,,,,,2.8,3.5,right_only
20071,,,,,,,,,,,,2.4,2.9,right_only
20075,,,,,,,,,,,,2.3,2.7,right_only
20081,,,,,,,,,,,,2.6,3.0,right_only
20083,,,,,,,,,,,,2.5,3.0,right_only
20089,,,,,,,,,,,,3.2,4.0,right_only
20093,,,,,,,,,,,,2.6,3.0,right_only
20095,,,,,,,,,,,,2.5,2.7,right_only
20097,,,,,,,,,,,,2.7,3.1,right_only
20099,,,,,,,,,,,,3.2,3.7,right_only
20101,,,,,,,,,,,,3.0,3.5,right_only
20105,,,,,,,,,,,,2.7,4.1,right_only
20109,,,,,,,,,,,,2.1,2.7,right_only
20111,,,,,,,,,,,,2.6,3.3,right_only
20113,,,,,,,,,,,,2.3,2.8,right_only
20119,,,,,,,,,,,,2.5,2.8,right_only
20123,,,,,,,,,,,,2.6,3.7,right_only
20127,,,,,,,,,,,,2.7,3.0,right_only
20129,,,,,,,,,,,,2.8,3.5,right_only
20135,,,,,,,,,,,,2.2,2.7,right_only
20137,,,,,,,,,,,,2.4,2.9,right_only
20139,,,,,,,,,,,,2.9,3.7,right_only
20141,,,,,,,,,,,,2.5,3.4,right_only
20143,,,,,,,,,,,,2.5,3.1,right_only
20145,,,,,,,,,,,,2.6,3.0,right_only
20147,,,,,,,,,,,,2.4,2.9,right_only
20151,,,,,,,,,,,,2.5,3.1,right_only
20153,,,,,,,,,,,,2.3,2.6,right_only
20157,,,,,,,,,,,,2.3,2.8,right_only
20159,,,,,,,,,,,,2.9,3.3,right_only
20161,,,,,,,,,,,,2.6,3.1,right_only
20173,,,,,,,,,,,,3.1,3.9,right_only
20175,,,,,,,,,,,,2.5,3.0,right_only
20179,,,,,,,,,,,,2.2,2.4,right_only
20181,,,,,,,,,,,,2.4,3.2,right_only
20183,,,,,,,,,,,,2.4,3.0,right_only
20185,,,,,,,,,,,,2.4,2.9,right_only
20187,,,,,,,,,,,,2.6,3.0,right_only
20189,,,,,,,,,,,,2.5,3.8,right_only
20195,,,,,,,,,,,,2.9,3.5,right_only
20199,,,,,,,,,,,,2.9,3.4,right_only
20203,,,,,,,,,,,,2.4,2.8,right_only
20205,,,,,,,,,,,,3.2,4.1,right_only
22003,,,,,,,,,,,,4.2,4.8,right_only
22007,,,,,,,,,,,,4.0,4.3,right_only
22009,,,,,,,,,,,,4.2,4.7,right_only
22037,,,,,,,,,,,,4.0,4.6,right_only
22045,,,,,,,,,,,,4.0,4.5,right_only
22049,,,,,,,,,,,,4.2,5.0,right_only
22059,,,,,,,,,,,,3.2,3.6,right_only
22069,,,,,,,,,,,,4.8,5.4,right_only
22071,,,,,,,,,,,,4.4,4.9,right_only
22077,,,,,,,,,,,,4.1,4.6,right_only
22081,,,,,,,,,,,,4.2,5.0,right_only
22083,,,,,,,,,,,,4.7,5.4,right_only
22085,,,,,,,,,,,,4.1,5.0,right_only
22097,,,,,,,,,,,,4.4,5.0,right_only
22111,,,,,,,,,,,,4.6,5.3,right_only
22115,,,,,,,,,,,,4.2,4.8,right_only
24003,,,,,,,,,,,,2.0,2.8,right_only
24005,,,,,,,,,,,,2.4,3.3,right_only
24009,,,,,,,,,,,,2.0,2.8,right_only
24029,,,,,,,,,,,,2.7,3.6,right_only
24033,,,,,,,,,,,,2.4,3.4,right_only
24039,,,,,,,,,,,,3.1,4.2,right_only
24510,,,,,,,,,,,,3.0,4.3,right_only
25001,,,,,,,,,,,,4.4,4.7,right_only
25003,,,,,,,,,,,,3.7,4.0,right_only
25005,,,,,,,,,,,,4.2,4.6,right_only
25007,,,,,,,,,,,,4.4,4.8,right_only
25009,,,,,,,,,,,,3.5,4.1,right_only
25011,,,,,,,,,,,,3.2,3.6,right_only
25013,,,,,,,,,,,,4.4,5.0,right_only
25015,,,,,,,,,,,,3.3,3.8,right_only
25017,,,,,,,,,,,,3.0,3.5,right_only
25019,,,,,,,,,,,,5.8,6.3,right_only
25021,,,,,,,,,,,,3.1,3.6,right_only
25023,,,,,,,,,,,,3.7,4.1,right_only
25025,,,,,,,,,,,,3.4,3.9,right_only
25027,,,,,,,,,,,,3.6,4.0,right_only
26009,,,,,,,,,,,,5.2,5.6,right_only
26013,,,,,,,,,,,,6.2,7.1,right_only
26015,,,,,,,,,,,,3.9,4.6,right_only
26023,,,,,,,,,,,,3.8,4.1,right_only
26035,,,,,,,,,,,,6.6,7.3,right_only
26043,,,,,,,,,,,,3.9,5.0,right_only
26055,,,,,,,,,,,,3.4,3.9,right_only
26067,,,,,,,,,,,,3.7,4.5,right_only
26071,,,,,,,,,,,,6.5,7.5,right_only
26079,,,,,,,,,,,,5.4,5.6,right_only
26083,,,,,,,,,,,,6.3,6.4,right_only
26085,,,,,,,,,,,,6.2,6.8,right_only
26107,,,,,,,,,,,,5.1,6.1,right_only
26109,,,,,,,,,,,,3.9,4.6,right_only
26115,,,,,,,,,,,,4.2,5.2,right_only
26123,,,,,,,,,,,,4.6,5.1,right_only
26133,,,,,,,,,,,,5.6,6.7,right_only
26145,,,,,,,,,,,,5.2,5.8,right_only
26153,,,,,,,,,,,,7.3,8.0,right_only
26159,,,,,,,,,,,,4.5,5.1,right_only
26165,,,,,,,,,,,,4.7,5.7,right_only
27051,,,,,,,,,,,,3.4,4.0,right_only
27077,,,,,,,,,,,,4.0,4.3,right_only
27133,,,,,,,,,,,,2.1,2.1,right_only
27135,,,,,,,,,,,,2.7,3.5,right_only
28001,,,,,,,,,,,,4.6,4.9,right_only
28005,,,,,,,,,,,,4.0,4.0,right_only
28009,,,,,,,,,,,,3.2,3.0,right_only
28011,,,,,,,,,,,,3.7,3.8,right_only
28015,,,,,,,,,,,,3.4,3.4,right_only
28017,,,,,,,,,,,,4.2,4.1,right_only
28019,,,,,,,,,,,,3.2,3.6,right_only
28021,,,,,,,,,,,,7.2,7.7,right_only
28023,,,,,,,,,,,,3.2,3.4,right_only
28025,,,,,,,,,,,,3.4,4.1,right_only
28029,,,,,,,,,,,,3.4,3.5,right_only
28031,,,,,,,,,,,,2.9,3.0,right_only
28037,,,,,,,,,,,,4.2,4.1,right_only
28041,,,,,,,,,,,,6.1,5.6,right_only
28049,,,,,,,,,,,,3.1,3.2,right_only
28051,,,,,,,,,,,,5.1,5.3,right_only
28053,,,,,,,,,,,,5.0,5.6,right_only
28055,,,,,,,,,,,,7.7,6.6,right_only
28057,,,,,,,,,,,,2.9,2.8,right_only
28059,,,,,,,,,,,,2.9,3.0,right_only
28063,,,,,,,,,,,,9.1,9.2,right_only
28065,,,,,,,,,,,,3.3,3.7,right_only
28067,,,,,,,,,,,,2.6,2.6,right_only
28073,,,,,,,,,,,,2.7,2.8,right_only
28075,,,,,,,,,,,,3.1,3.2,right_only
28077,,,,,,,,,,,,3.7,3.7,right_only
28083,,,,,,,,,,,,4.6,4.9,right_only
28093,,,,,,,,,,,,3.4,3.5,right_only
28097,,,,,,,,,,,,3.4,3.4,right_only
28101,,,,,,,,,,,,3.4,3.3,right_only
28107,,,,,,,,,,,,4.0,4.2,right_only
28109,,,,,,,,,,,,3.1,3.1,right_only
28111,,,,,,,,,,,,3.8,3.9,right_only
28119,,,,,,,,,,,,4.5,4.6,right_only
28121,,,,,,,,,,,,2.3,2.3,right_only
28123,,,,,,,,,,,,2.8,2.9,right_only
28125,,,,,,,,,,,,4.7,4.3,right_only
28127,,,,,,,,,,,,2.9,3.0,right_only
28139,,,,,,,,,,,,2.9,2.8,right_only
28149,,,,,,,,,,,,3.4,3.4,right_only
28151,,,,,,,,,,,,4.4,4.5,right_only
28157,,,,,,,,,,,,5.6,5.4,right_only
28161,,,,,,,,,,,,3.3,3.3,right_only
28163,,,,,,,,,,,,3.5,4.0,right_only
29001,,,,,,,,,,,,3.3,4.2,right_only
29003,,,,,,,,,,,,3.0,3.4,right_only
29005,,,,,,,,,,,,2.5,3.2,right_only
29015,,,,,,,,,,,,4.5,5.3,right_only
29033,,,,,,,,,,,,3.3,4.2,right_only
29035,,,,,,,,,,,,4.4,4.8,right_only
29037,,,,,,,,,,,,3.0,3.4,right_only
29049,,,,,,,,,,,,3.3,3.7,right_only
29051,,,,,,,,,,,,2.6,3.1,right_only
29053,,,,,,,,,,,,3.0,3.5,right_only
29055,,,,,,,,,,,,3.8,4.5,right_only
29059,,,,,,,,,,,,3.4,4.4,right_only
29063,,,,,,,,,,,,3.6,4.1,right_only
29067,,,,,,,,,,,,3.4,4.0,right_only
29073,,,,,,,,,,,,2.8,3.4,right_only
29075,,,,,,,,,,,,2.9,3.2,right_only
29081,,,,,,,,,,,,3.1,3.8,right_only
29087,,,,,,,,,,,,3.1,3.7,right_only
29093,,,,,,,,,,,,4.2,4.7,right_only
29103,,,,,,,,,,,,3.5,4.4,right_only
29115,,,,,,,,,,,,3.3,3.8,right_only
29121,,,,,,,,,,,,3.8,4.3,right_only
29123,,,,,,,,,,,,3.8,4.3,right_only
29125,,,,,,,,,,,,3.2,3.8,right_only
29127,,,,,,,,,,,,3.4,3.8,right_only
29129,,,,,,,,,,,,3.0,3.9,right_only
29131,,,,,,,,,,,,3.2,3.7,right_only
29135,,,,,,,,,,,,2.6,3.1,right_only
29141,,,,,,,,,,,,3.8,4.6,right_only
29149,,,,,,,,,,,,3.6,4.2,right_only
29155,,,,,,,,,,,,4.9,5.9,right_only
29169,,,,,,,,,,,,3.1,3.9,right_only
29171,,,,,,,,,,,,3.1,3.8,right_only
29179,,,,,,,,,,,,3.7,4.5,right_only
29189,,,,,,,,,,,,3.1,3.7,right_only
29199,,,,,,,,,,,,2.5,3.2,right_only
29201,,,,,,,,,,,,3.2,3.8,right_only
29203,,,,,,,,,,,,4.8,5.1,right_only
29205,,,,,,,,,,,,2.7,3.3,right_only
29211,,,,,,,,,,,,3.0,3.7,right_only
29219,,,,,,,,,,,,3.0,3.5,right_only
29221,,,,,,,,,,,,4.0,4.7,right_only
29227,,,,,,,,,,,,2.7,3.3,right_only
29510,,,,,,,,,,,,3.5,4.2,right_only
30005,,,,,,,,,,,,2.7,3.0,right_only
30017,,,,,,,,,,,,2.5,2.6,right_only
30019,,,,,,,,,,,,2.0,2.1,right_only
30023,,,,,,,,,,,,3.2,3.3,right_only
30025,,,,,,,,,,,,1.7,1.7,right_only
30033,,,,,,,,,,,,3.2,3.3,right_only
30059,,,,,,,,,,,,2.5,2.6,right_only
30093,,,,,,,,,,,,3.2,3.4,right_only
30109,,,,,,,,,,,,2.5,3.2,right_only
31003,,,,,,,,,,,,2.2,2.3,right_only
31005,,,,,,,,,,,,2.4,2.8,right_only
31007,,,,,,,,,,,,3.3,3.9,right_only
31009,,,,,,,,,,,,3.6,3.3,right_only
31011,,,,,,,,,,,,1.6,2.0,right_only
31013,,,,,,,,,,,,2.3,3.3,right_only
31015,,,,,,,,,,,,2.6,2.9,right_only
31017,,,,,,,,,,,,2.0,2.0,right_only
31021,,,,,,,,,,,,2.9,3.2,right_only
31023,,,,,,,,,,,,1.8,2.2,right_only
31029,,,,,,,,,,,,2.0,2.4,right_only
31031,,,,,,,,,,,,1.8,1.8,right_only
31035,,,,,,,,,,,,2.3,2.6,right_only
31039,,,,,,,,,,,,1.8,2.0,right_only
31047,,,,,,,,,,,,2.5,2.7,right_only
31049,,,,,,,,,,,,2.9,2.8,right_only
31053,,,,,,,,,,,,2.3,2.8,right_only
31057,,,,,,,,,,,,1.9,1.8,right_only
31059,,,,,,,,,,,,2.0,2.0,right_only
31061,,,,,,,,,,,,2.1,2.7,right_only
31063,,,,,,,,,,,,2.5,3.0,right_only
31067,,,,,,,,,,,,2.5,3.2,right_only
31069,,,,,,,,,,,,2.6,2.9,right_only
31071,,,,,,,,,,,,2.1,2.8,right_only
31075,,,,,,,,,,,,2.0,2.7,right_only
31077,,,,,,,,,,,,2.5,3.1,right_only
31081,,,,,,,,,,,,1.8,2.1,right_only
31083,,,,,,,,,,,,1.9,2.0,right_only
31085,,,,,,,,,,,,2.1,2.1,right_only
31087,,,,,,,,,,,,2.6,2.8,right_only
31089,,,,,,,,,,,,1.8,2.0,right_only
31091,,,,,,,,,,,,3.3,4.7,right_only
31093,,,,,,,,,,,,1.9,2.6,right_only
31097,,,,,,,,,,,,3.2,3.6,right_only
31099,,,,,,,,,,,,1.9,2.2,right_only
31103,,,,,,,,,,,,3.4,3.3,right_only
31105,,,,,,,,,,,,2.1,2.1,right_only
31107,,,,,,,,,,,,2.4,2.7,right_only
31111,,,,,,,,,,,,2.3,2.6,right_only
31113,,,,,,,,,,,,2.8,3.6,right_only
31115,,,,,,,,,,,,3.7,4.3,right_only
31117,,,,,,,,,,,,4.1,4.4,right_only
31121,,,,,,,,,,,,1.9,2.2,right_only
31125,,,,,,,,,,,,2.3,2.5,right_only
31127,,,,,,,,,,,,2.5,3.2,right_only
31129,,,,,,,,,,,,2.2,2.3,right_only
31133,,,,,,,,,,,,2.5,3.0,right_only
31135,,,,,,,,,,,,2.0,2.2,right_only
31137,,,,,,,,,,,,1.8,2.1,right_only
31141,,,,,,,,,,,,2.0,2.3,right_only
31149,,,,,,,,,,,,2.1,2.3,right_only
31157,,,,,,,,,,,,2.8,3.2,right_only
31161,,,,,,,,,,,,2.0,2.3,right_only
31163,,,,,,,,,,,,2.4,2.7,right_only
31165,,,,,,,,,,,,2.2,2.3,right_only
31173,,,,,,,,,,,,2.7,2.6,right_only
31175,,,,,,,,,,,,2.0,2.1,right_only
31177,,,,,,,,,,,,2.2,2.5,right_only
31179,,,,,,,,,,,,2.0,2.4,right_only
31181,,,,,,,,,,,,2.2,2.5,right_only
31183,,,,,,,,,,,,2.6,2.4,right_only
32003,,,,,,,,,,,,5.3,5.6,right_only
32009,,,,,,,,,,,,5.8,7.5,right_only
32017,,,,,,,,,,,,5.3,5.1,right_only
32027,,,,,,,,,,,,5.4,5.3,right_only
32029,,,,,,,,,,,,5.7,5.9,right_only
32510,,,,,,,,,,,,4.4,4.5,right_only
33007,,,,,,,,,,,,2.7,2.7,right_only
33009,,,,,,,,,,,,2.0,2.2,right_only
33011,,,,,,,,,,,,2.4,2.8,right_only
33019,,,,,,,,,,,,2.1,2.3,right_only
34027,,,,,,,,,,,,3.5,3.8,right_only
34029,,,,,,,,,,,,4.4,4.7,right_only
34039,,,,,,,,,,,,4.5,4.9,right_only
35003,,,,,,,,,,,,5.4,5.4,right_only
35006,,,,,,,,,,,,4.9,5.4,right_only
35007,,,,,,,,,,,,3.5,4.2,right_only
35013,,,,,,,,,,,,4.3,4.9,right_only
35015,,,,,,,,,,,,2.8,3.3,right_only
35017,,,,,,,,,,,,3.9,4.2,right_only
35021,,,,,,,,,,,,3.0,3.1,right_only
35027,,,,,,,,,,,,3.3,4.3,right_only
35028,,,,,,,,,,,,1.6,1.8,right_only
35029,,,,,,,,,,,,10.3,12.2,right_only
35035,,,,,,,,,,,,3.9,4.3,right_only
35037,,,,,,,,,,,,3.5,4.0,right_only
35039,,,,,,,,,,,,3.7,4.1,right_only
35041,,,,,,,,,,,,3.4,3.8,right_only
35043,,,,,,,,,,,,3.4,3.8,right_only
35047,,,,,,,,,,,,4.5,4.7,right_only
35051,,,,,,,,,,,,5.7,5.9,right_only
35055,,,,,,,,,,,,4.3,4.6,right_only
35059,,,,,,,,,,,,3.4,3.7,right_only
36001,,,,,,,,,,,,3.1,3.3,right_only
36003,,,,,,,,,,,,4.2,4.4,right_only
36005,,,,,,,,,,,,6.6,6.6,right_only
36011,,,,,,,,,,,,3.5,3.7,right_only
36017,,,,,,,,,,,,3.4,3.4,right_only
36019,,,,,,,,,,,,3.4,3.8,right_only
36021,,,,,,,,,,,,3.0,3.1,right_only
36031,,,,,,,,,,,,3.5,3.4,right_only
36033,,,,,,,,,,,,3.7,3.8,right_only
36041,,,,,,,,,,,,5.0,5.1,right_only
36047,,,,,,,,,,,,5.1,5.1,right_only
36061,,,,,,,,,,,,4.5,4.6,right_only
36071,,,,,,,,,,,,3.5,3.7,right_only
36073,,,,,,,,,,,,3.6,3.8,right_only
36081,,,,,,,,,,,,4.4,4.5,right_only
36085,,,,,,,,,,,,4.6,4.5,right_only
36087,,,,,,,,,,,,3.0,3.2,right_only
36115,,,,,,,,,,,,3.2,3.4,right_only
36119,,,,,,,,,,,,3.0,3.3,right_only
37005,,,,,,,,,,,,4.2,3.7,right_only
37013,,,,,,,,,,,,3.9,3.7,right_only
37015,,,,,,,,,,,,4.7,4.8,right_only
37035,,,,,,,,,,,,3.4,3.6,right_only
37047,,,,,,,,,,,,4.1,4.4,right_only
37051,,,,,,,,,,,,4.5,4.5,right_only
37057,,,,,,,,,,,,3.5,3.7,right_only
37061,,,,,,,,,,,,3.3,3.3,right_only
37063,,,,,,,,,,,,3.1,3.1,right_only
37069,,,,,,,,,,,,3.3,3.3,right_only
37075,,,,,,,,,,,,3.5,3.5,right_only
37079,,,,,,,,,,,,3.0,3.1,right_only
37095,,,,,,,,,,,,6.1,5.6,right_only
37099,,,,,,,,,,,,3.6,3.4,right_only
37103,,,,,,,,,,,,3.6,3.7,right_only
37107,,,,,,,,,,,,3.9,4.0,right_only
37113,,,,,,,,,,,,3.3,3.4,right_only
37119,,,,,,,,,,,,3.5,3.7,right_only
37121,,,,,,,,,,,,3.3,4.6,right_only
37127,,,,,,,,,,,,4.5,4.5,right_only
37131,,,,,,,,,,,,4.7,4.5,right_only
37133,,,,,,,,,,,,3.7,3.8,right_only
37151,,,,,,,,,,,,3.5,3.5,right_only
37167,,,,,,,,,,,,3.1,3.1,right_only
37169,,,,,,,,,,,,3.2,3.4,right_only
37171,,,,,,,,,,,,3.2,3.3,right_only
37181,,,,,,,,,,,,4.6,4.4,right_only
37187,,,,,,,,,,,,5.0,4.5,right_only
38001,,,,,,,,,,,,1.9,2.3,right_only
38005,,,,,,,,,,,,3.0,3.3,right_only
38009,,,,,,,,,,,,2.5,2.9,right_only
38011,,,,,,,,,,,,1.4,1.9,right_only
38013,,,,,,,,,,,,1.7,2.3,right_only
38021,,,,,,,,,,,,1.8,2.1,right_only
38023,,,,,,,,,,,,1.6,2.4,right_only
38027,,,,,,,,,,,,2.8,2.7,right_only
38031,,,,,,,,,,,,1.7,1.9,right_only
38033,,,,,,,,,,,,1.6,1.9,right_only
38037,,,,,,,,,,,,1.9,1.9,right_only
38039,,,,,,,,,,,,1.9,2.3,right_only
38041,,,,,,,,,,,,1.9,2.4,right_only
38043,,,,,,,,,,,,3.6,3.7,right_only
38045,,,,,,,,,,,,1.8,2.2,right_only
38047,,,,,,,,,,,,2.4,2.4,right_only
38063,,,,,,,,,,,,2.4,2.3,right_only
38065,,,,,,,,,,,,3.4,3.8,right_only
38069,,,,,,,,,,,,2.7,2.9,right_only
38071,,,,,,,,,,,,2.1,2.2,right_only
38075,,,,,,,,,,,,1.9,2.1,right_only
38085,,,,,,,,,,,,2.4,2.9,right_only
38087,,,,,,,,,,,,2.9,3.1,right_only
38091,,,,,,,,,,,,2.3,3.1,right_only
38103,,,,,,,,,,,,2.7,2.7,right_only
39011,,,,,,,,,,,,2.8,3.7,right_only
39015,,,,,,,,,,,,4.1,5.1,right_only
39019,,,,,,,,,,,,4.2,4.9,right_only
39023,,,,,,,,,,,,3.8,4.8,right_only
39035,,,,,,,,,,,,3.8,3.9,right_only
39051,,,,,,,,,,,,3.8,4.9,right_only
39055,,,,,,,,,,,,3.1,3.3,right_only
39059,,,,,,,,,,,,4.8,5.6,right_only
39065,,,,,,,,,,,,3.7,4.5,right_only
39073,,,,,,,,,,,,4.0,4.8,right_only
39077,,,,,,,,,,,,4.5,5.3,right_only
39081,,,,,,,,,,,,4.9,5.9,right_only
39083,,,,,,,,,,,,3.5,4.2,right_only
39085,,,,,,,,,,,,3.4,3.6,right_only
39087,,,,,,,,,,,,4.1,5.0,right_only
39089,,,,,,,,,,,,3.4,4.2,right_only
39091,,,,,,,,,,,,3.2,4.1,right_only
39093,,,,,,,,,,,,3.9,4.0,right_only
39101,,,,,,,,,,,,3.6,4.5,right_only
39119,,,,,,,,,,,,3.9,4.7,right_only
39121,,,,,,,,,,,,5.5,6.6,right_only
39123,,,,,,,,,,,,5.2,6.2,right_only
39137,,,,,,,,,,,,2.9,3.6,right_only
39143,,,,,,,,,,,,3.9,4.8,right_only
39169,,,,,,,,,,,,3.2,3.9,right_only
39171,,,,,,,,,,,,3.5,4.5,right_only
39175,,,,,,,,,,,,3.0,4.0,right_only
41011,,,,,,,,,,,,4.6,5.0,right_only
41015,,,,,,,,,,,,5.1,5.8,right_only
41023,,,,,,,,,,,,5.3,6.0,right_only
41025,,,,,,,,,,,,4.3,4.6,right_only
41037,,,,,,,,,,,,5.2,5.2,right_only
41045,,,,,,,,,,,,3.9,4.1,right_only
41063,,,,,,,,,,,,4.6,4.6,right_only
41069,,,,,,,,,,,,3.3,3.8,right_only
42001,,,,,,,,,,,,3.0,3.2,right_only
42005,,,,,,,,,,,,4.3,4.5,right_only
42007,,,,,,,,,,,,4.3,4.1,right_only
42009,,,,,,,,,,,,3.9,4.0,right_only
42011,,,,,,,,,,,,3.7,3.9,right_only
42013,,,,,,,,,,,,3.7,3.7,right_only
42017,,,,,,,,,,,,3.3,3.5,right_only
42019,,,,,,,,,,,,3.4,3.4,right_only
42021,,,,,,,,,,,,4.3,4.4,right_only
42023,,,,,,,,,,,,5.6,5.6,right_only
42025,,,,,,,,,,,,4.3,4.2,right_only
42027,,,,,,,,,,,,2.9,3.0,right_only
42029,,,,,,,,,,,,2.8,2.9,right_only
42031,,,,,,,,,,,,4.3,4.2,right_only
42033,,,,,,,,,,,,4.1,4.1,right_only
42035,,,,,,,,,,,,4.3,4.4,right_only
42037,,,,,,,,,,,,4.2,4.4,right_only
42039,,,,,,,,,,,,3.9,3.9,right_only
42041,,,,,,,,,,,,2.9,3.1,right_only
42043,,,,,,,,,,,,3.5,3.7,right_only
42045,,,,,,,,,,,,3.4,3.7,right_only
42047,,,,,,,,,,,,3.5,3.9,right_only
42049,,,,,,,,,,,,4.1,4.0,right_only
42051,,,,,,,,,,,,4.9,4.9,right_only
42053,,,,,,,,,,,,5.9,5.7,right_only
42057,,,,,,,,,,,,3.4,3.4,right_only
42061,,,,,,,,,,,,4.6,4.7,right_only
42063,,,,,,,,,,,,4.5,4.5,right_only
42065,,,,,,,,,,,,4.1,4.2,right_only
42067,,,,,,,,,,,,3.7,4.0,right_only
42069,,,,,,,,,,,,4.1,4.2,right_only
42071,,,,,,,,,,,,2.9,3.0,right_only
42073,,,,,,,,,,,,4.5,4.5,right_only
42075,,,,,,,,,,,,3.1,3.3,right_only
42079,,,,,,,,,,,,4.6,4.7,right_only
42083,,,,,,,,,,,,4.5,4.3,right_only
42087,,,,,,,,,,,,3.4,3.4,right_only
42089,,,,,,,,,,,,4.8,4.4,right_only
42093,,,,,,,,,,,,2.8,3.0,right_only
42099,,,,,,,,,,,,3.3,3.5,right_only
42101,,,,,,,,,,,,4.3,4.7,right_only
42105,,,,,,,,,,,,5.2,5.0,right_only
42111,,,,,,,,,,,,4.1,4.2,right_only
42113,,,,,,,,,,,,4.0,4.1,right_only
42115,,,,,,,,,,,,3.8,3.9,right_only
42121,,,,,,,,,,,,4.5,4.2,right_only
44001,,,,,,,,,,,,2.5,3.5,right_only
44003,,,,,,,,,,,,2.7,3.8,right_only
44005,,,,,,,,,,,,2.8,3.9,right_only
44007,,,,,,,,,,,,3.2,4.6,right_only
44009,,,,,,,,,,,,2.5,3.5,right_only
45017,,,,,,,,,,,,3.3,4.5,right_only
45043,,,,,,,,,,,,3.2,4.5,right_only
45055,,,,,,,,,,,,2.9,4.0,right_only
45087,,,,,,,,,,,,4.4,5.6,right_only
46003,,,,,,,,,,,,1.5,1.6,right_only
46005,,,,,,,,,,,,1.8,1.7,right_only
46007,,,,,,,,,,,,2.3,2.9,right_only
46013,,,,,,,,,,,,1.8,1.8,right_only
46015,,,,,,,,,,,,1.3,1.3,right_only
46017,,,,,,,,,,,,4.4,4.7,right_only
46019,,,,,,,,,,,,1.7,1.7,right_only
46021,,,,,,,,,,,,2.3,2.3,right_only
46023,,,,,,,,,,,,1.9,1.9,right_only
46025,,,,,,,,,,,,2.1,2.0,right_only
46041,,,,,,,,,,,,5.1,4.7,right_only
46043,,,,,,,,,,,,1.8,1.8,right_only
46045,,,,,,,,,,,,2.0,1.8,right_only
46049,,,,,,,,,,,,1.5,1.5,right_only
46051,,,,,,,,,,,,2.3,2.5,right_only
46053,,,,,,,,,,,,1.7,1.6,right_only
46055,,,,,,,,,,,,1.9,1.8,right_only
46059,,,,,,,,,,,,1.4,1.4,right_only
46061,,,,,,,,,,,,2.0,2.3,right_only
46063,,,,,,,,,,,,1.6,1.5,right_only
46067,,,,,,,,,,,,1.8,1.8,right_only
46069,,,,,,,,,,,,1.6,2.0,right_only
46071,,,,,,,,,,,,3.9,3.4,right_only
46073,,,,,,,,,,,,1.8,1.8,right_only
46075,,,,,,,,,,,,2.8,3.2,right_only
46085,,,,,,,,,,,,2.5,2.1,right_only
46095,,,,,,,,,,,,2.8,3.0,right_only
46102,,,,,,,,,,,,4.7,5.4,right_only
46107,,,,,,,,,,,,2.0,2.0,right_only
46111,,,,,,,,,,,,1.4,1.5,right_only
46117,,,,,,,,,,,,1.6,1.5,right_only
46119,,,,,,,,,,,,1.6,1.5,right_only
46121,,,,,,,,,,,,3.9,4.2,right_only
46123,,,,,,,,,,,,1.5,1.4,right_only
46125,,,,,,,,,,,,1.8,1.7,right_only
46129,,,,,,,,,,,,2.4,2.5,right_only
46137,,,,,,,,,,,,3.8,3.4,right_only
47025,,,,,,,,,,,,3.8,4.0,right_only
47037,,,,,,,,,,,,2.7,2.8,right_only
47137,,,,,,,,,,,,5.1,4.9,right_only
47169,,,,,,,,,,,,2.8,2.8,right_only
48001,,,,,,,,,,,,4.2,4.5,right_only
48009,,,,,,,,,,,,3.5,3.7,right_only
48035,,,,,,,,,,,,3.9,3.9,right_only
48067,,,,,,,,,,,,5.0,5.2,right_only
48081,,,,,,,,,,,,3.1,2.8,right_only
48083,,,,,,,,,,,,3.8,3.7,right_only
48101,,,,,,,,,,,,2.0,2.2,right_only
48109,,,,,,,,,,,,3.6,3.3,right_only
48125,,,,,,,,,,,,4.3,4.1,right_only
48131,,,,,,,,,,,,5.0,5.3,right_only
48145,,,,,,,,,,,,4.3,4.3,right_only
48187,,,,,,,,,,,,3.5,3.6,right_only
48189,,,,,,,,,,,,4.0,4.0,right_only
48243,,,,,,,,,,,,5.1,4.9,right_only
48261,,,,,,,,,,,,7.8,7.2,right_only
48263,,,,,,,,,,,,3.7,4.5,right_only
48275,,,,,,,,,,,,3.1,3.5,right_only
48283,,,,,,,,,,,,3.6,4.7,right_only
48311,,,,,,,,,,,,5.3,5.8,right_only
48315,,,,,,,,,,,,5.6,5.5,right_only
48319,,,,,,,,,,,,3.2,3.8,right_only
48327,,,,,,,,,,,,3.1,3.3,right_only
48335,,,,,,,,,,,,3.1,3.2,right_only
48409,,,,,,,,,,,,4.7,4.8,right_only
48411,,,,,,,,,,,,3.8,3.8,right_only
48421,,,,,,,,,,,,2.7,2.9,right_only
48433,,,,,,,,,,,,2.2,2.2,right_only
48447,,,,,,,,,,,,3.6,4.2,right_only
48459,,,,,,,,,,,,4.2,4.5,right_only
48461,,,,,,,,,,,,1.8,1.7,right_only
49009,,,,,,,,,,,,3.4,3.1,right_only
49023,,,,,,,,,,,,2.6,3.3,right_only
49029,,,,,,,,,,,,2.2,2.8,right_only
49031,,,,,,,,,,,,5.4,5.9,right_only
49033,,,,,,,,,,,,2.9,3.3,right_only
49035,,,,,,,,,,,,2.8,3.3,right_only
49037,,,,,,,,,,,,3.8,4.4,right_only
49055,,,,,,,,,,,,5.2,5.4,right_only
51003,,,,,,,,,,,,2.5,2.7,right_only
51013,,,,,,,,,,,,2.1,2.2,right_only
51017,,,,,,,,,,,,2.9,2.6,right_only
51021,,,,,,,,,,,,3.0,3.3,right_only
51036,,,,,,,,,,,,3.1,3.5,right_only
51041,,,,,,,,,,,,2.7,2.9,right_only
51059,,,,,,,,,,,,2.3,2.6,right_only
51087,,,,,,,,,,,,2.8,3.0,right_only
51095,,,,,,,,,,,,2.7,2.9,right_only
51149,,,,,,,,,,,,2.7,3.0,right_only
51153,,,,,,,,,,,,2.5,2.7,right_only
51161,,,,,,,,,,,,2.5,2.7,right_only
51197,,,,,,,,,,,,2.7,3.0,right_only
51510,,,,,,,,,,,,2.2,2.4,right_only
51520,,,,,,,,,,,,3.4,3.7,right_only
51530,,,,,,,,,,,,2.9,3.2,right_only
51540,,,,,,,,,,,,2.3,2.5,right_only
51550,,,,,,,,,,,,2.8,2.9,right_only
51570,,,,,,,,,,,,2.8,3.2,right_only
51580,,,,,,,,,,,,3.8,4.2,right_only
51590,,,,,,,,,,,,4.6,5.2,right_only
51595,,,,,,,,,,,,4.2,5.9,right_only
51600,,,,,,,,,,,,2.2,2.4,right_only
51610,,,,,,,,,,,,2.3,2.4,right_only
51630,,,,,,,,,,,,2.8,3.1,right_only
51640,,,,,,,,,,,,3.7,3.6,right_only
51650,,,,,,,,,,,,3.4,3.6,right_only
51660,,,,,,,,,,,,3.0,3.4,right_only
51670,,,,,,,,,,,,4.1,4.4,right_only
51678,,,,,,,,,,,,4.0,4.3,right_only
51680,,,,,,,,,,,,3.6,3.8,right_only
51683,,,,,,,,,,,,2.2,2.5,right_only
51685,,,,,,,,,,,,2.3,2.5,right_only
51690,,,,,,,,,,,,4.2,4.6,right_only
51700,,,,,,,,,,,,3.2,3.5,right_only
51710,,,,,,,,,,,,3.2,3.5,right_only
51720,,,,,,,,,,,,3.7,3.6,right_only
51730,,,,,,,,,,,,4.5,5.0,right_only
51735,,,,,,,,,,,,2.3,2.5,right_only
51740,,,,,,,,,,,,3.5,3.8,right_only
51750,,,,,,,,,,,,3.2,3.7,right_only
51770,,,,,,,,,,,,3.0,3.3,right_only
51775,,,,,,,,,,,,2.7,2.9,right_only
51790,,,,,,,,,,,,2.4,2.7,right_only
51800,,,,,,,,,,,,2.8,3.0,right_only
51810,,,,,,,,,,,,2.7,2.8,right_only
51820,,,,,,,,,,,,2.6,2.8,right_only
51830,,,,,,,,,,,,3.9,4.2,right_only
51840,,,,,,,,,,,,2.8,3.1,right_only
53001,,,,,,,,,,,,4.8,4.8,right_only
53019,,,,,,,,,,,,7.1,7.3,right_only
53039,,,,,,,,,,,,4.8,5.0,right_only
53047,,,,,,,,,,,,5.3,5.3,right_only
53049,,,,,,,,,,,,6.0,6.2,right_only
53069,,,,,,,,,,,,6.6,7.3,right_only
54001,,,,,,,,,,,,5.1,5.0,right_only
54005,,,,,,,,,,,,4.1,4.6,right_only
54007,,,,,,,,,,,,5.0,5.7,right_only
54009,,,,,,,,,,,,4.8,5.3,right_only
54013,,,,,,,,,,,,6.4,7.6,right_only
54015,,,,,,,,,,,,6.5,7.4,right_only
54021,,,,,,,,,,,,4.3,5.0,right_only
54023,,,,,,,,,,,,4.0,4.3,right_only
54025,,,,,,,,,,,,3.7,3.8,right_only
54027,,,,,,,,,,,,3.1,3.3,right_only
54029,,,,,,,,,,,,5.5,5.6,right_only
54033,,,,,,,,,,,,3.5,3.8,right_only
54041,,,,,,,,,,,,4.6,4.8,right_only
54043,,,,,,,,,,,,4.7,4.8,right_only
54047,,,,,,,,,,,,6.9,7.9,right_only
54049,,,,,,,,,,,,3.9,4.0,right_only
54055,,,,,,,,,,,,3.9,4.1,right_only
54057,,,,,,,,,,,,3.9,4.2,right_only
54059,,,,,,,,,,,,4.8,5.8,right_only
54063,,,,,,,,,,,,3.4,4.0,right_only
54069,,,,,,,,,,,,4.1,4.0,right_only
54071,,,,,,,,,,,,2.9,3.2,right_only
54073,,,,,,,,,,,,4.4,4.9,right_only
54075,,,,,,,,,,,,4.9,4.9,right_only
54077,,,,,,,,,,,,4.2,4.2,right_only
54091,,,,,,,,,,,,3.9,4.0,right_only
54093,,,,,,,,,,,,3.5,3.6,right_only
54095,,,,,,,,,,,,5.9,6.0,right_only
54099,,,,,,,,,,,,4.1,4.4,right_only
54101,,,,,,,,,,,,4.9,5.9,right_only
54105,,,,,,,,,,,,6.0,6.3,right_only
54107,,,,,,,,,,,,4.0,4.1,right_only
55003,,,,,,,,,,,,3.5,3.4,right_only
55007,,,,,,,,,,,,4.3,4.1,right_only
55033,,,,,,,,,,,,3.1,3.2,right_only
55037,,,,,,,,,,,,3.6,4.0,right_only
55041,,,,,,,,,,,,4.3,4.0,right_only
55049,,,,,,,,,,,,2.5,2.7,right_only
55051,,,,,,,,,,,,4.8,4.9,right_only
55067,,,,,,,,,,,,3.4,3.5,right_only
55081,,,,,,,,,,,,2.5,2.7,right_only
55091,,,,,,,,,,,,3.1,3.1,right_only
55109,,,,,,,,,,,,3.1,3.4,right_only
56003,,,,,,,,,,,,3.4,3.8,right_only
56007,,,,,,,,,,,,3.4,3.5,right_only
56013,,,,,,,,,,,,3.7,3.8,right_only
56031,,,,,,,,,,,,3.5,3.6,right_only
72001,,,,,,,,,,,,8.3,7.7,right_only
72003,,,,,,,,,,,,7.1,6.8,right_only
72005,,,,,,,,,,,,7.6,7.0,right_only
72007,,,,,,,,,,,,4.8,5.1,right_only
72009,,,,,,,,,,,,6.7,6.6,right_only
72011,,,,,,,,,,,,6.3,6.4,right_only
72013,,,,,,,,,,,,6.2,5.9,right_only
72015,,,,,,,,,,,,10.5,11.5,right_only
72017,,,,,,,,,,,,6.2,5.8,right_only
72019,,,,,,,,,,,,6.4,6.1,right_only
72021,,,,,,,,,,,,4.6,4.0,right_only
72023,,,,,,,,,,,,5.9,5.6,right_only
72025,,,,,,,,,,,,4.9,5.2,right_only
72027,,,,,,,,,,,,5.3,5.0,right_only
72029,,,,,,,,,,,,4.4,4.3,right_only
72031,,,,,,,,,,,,4.4,3.9,right_only
72033,,,,,,,,,,,,4.5,4.0,right_only
72035,,,,,,,,,,,,5.8,6.0,right_only
72037,,,,,,,,,,,,6.7,7.1,right_only
72039,,,,,,,,,,,,7.1,7.8,right_only
72041,,,,,,,,,,,,5.6,5.6,right_only
72043,,,,,,,,,,,,7.2,7.0,right_only
72045,,,,,,,,,,,,6.6,6.3,right_only
72047,,,,,,,,,,,,5.6,6.0,right_only
72049,,,,,,,,,,,,1.7,1.7,right_only
72051,,,,,,,,,,,,5.1,5.2,right_only
72053,,,,,,,,,,,,6.8,7.5,right_only
72054,,,,,,,,,,,,7.8,7.5,right_only
72055,,,,,,,,,,,,11.9,11.7,right_only
72057,,,,,,,,,,,,8.6,9.2,right_only
72059,,,,,,,,,,,,11.4,11.2,right_only
72061,,,,,,,,,,,,3.0,2.7,right_only
72063,,,,,,,,,,,,4.5,4.7,right_only
72065,,,,,,,,,,,,7.4,5.2,right_only
72067,,,,,,,,,,,,5.4,5.4,right_only
72069,,,,,,,,,,,,7.4,7.7,right_only
72071,,,,,,,,,,,,6.5,5.8,right_only
72073,,,,,,,,,,,,11.1,8.1,right_only
72075,,,,,,,,,,,,7.8,7.4,right_only
72077,,,,,,,,,,,,5.6,5.2,right_only
72079,,,,,,,,,,,,7.5,7.6,right_only
72081,,,,,,,,,,,,8.5,7.7,right_only
72083,,,,,,,,,,,,10.5,10.4,right_only
72085,,,,,,,,,,,,6.2,6.8,right_only
72087,,,,,,,,,,,,5.8,5.4,right_only
72089,,,,,,,,,,,,6.6,6.5,right_only
72091,,,,,,,,,,,,5.9,5.6,right_only
72093,,,,,,,,,,,,13.3,15.3,right_only
72095,,,,,,,,,,,,13.0,12.3,right_only
72097,,,,,,,,,,,,7.9,8.2,right_only
72099,,,,,,,,,,,,7.3,6.6,right_only
72101,,,,,,,,,,,,6.0,6.3,right_only
72103,,,,,,,,,,,,6.6,7.6,right_only
72105,,,,,,,,,,,,5.6,5.3,right_only
72107,,,,,,,,,,,,7.5,7.1,right_only
72109,,,,,,,,,,,,9.1,8.3,right_only
72111,,,,,,,,,,,,9.3,10.3,right_only
72113,,,,,,,,,,,,8.4,8.4,right_only
72115,,,,,,,,,,,,5.9,5.4,right_only
72117,,,,,,,,,,,,8.7,9.3,right_only
72119,,,,,,,,,,,,4.6,4.7,right_only
72121,,,,,,,,,,,,7.7,6.9,right_only
72123,,,,,,,,,,,,7.6,7.7,right_only
72125,,,,,,,,,,,,9.9,9.8,right_only
72127,,,,,,,,,,,,4.5,3.9,right_only
72129,,,,,,,,,,,,6.1,6.1,right_only
72131,,,,,,,,,,,,8.3,8.2,right_only
72133,,,,,,,,,,,,7.0,6.1,right_only
72135,,,,,,,,,,,,4.2,3.9,right_only
72137,,,,,,,,,,,,4.1,3.6,right_only
72139,,,,,,,,,,,,2.7,2.2,right_only
72141,,,,,,,,,,,,9.1,8.5,right_only
72143,,,,,,,,,,,,4.7,4.4,right_only
72145,,,,,,,,,,,,5.9,5.4,right_only
72147,,,,,,,,,,,,4.1,4.5,right_only
72149,,,,,,,,,,,,11.5,10.2,right_only
72151,,,,,,,,,,,,8.2,8.6,right_only
72153,,,,,,,,,,,,10.4,10.1,right_only
